Game,Min RTP %,Max RTP %
Double Up Machine,100.00,100.00
Plinko XY,98.91,98.91
Grand Bonus Baccarat,98.76,98.94
Mine Gems,98.40,98.40
Money Cart,98.00,98.00
Money Cart 2,98.00,98.00
Live Blackjack,98.00,99.55
Texas Holdem Poker,97.82,99.47
Gravity Roulette,97.40,97.40
Secret Bar Multidice X,97.33,97.33
Lucky Lady's Clover,97.31,97.31
777 Gems Respin,97.30,97.30
Auto Roulette,97.30,97.30
Chip Runner,97.30,97.30
Live Roulette,97.30,98.65
Burning Chilli X,97.25,97.25
Merge Up,97.25,97.25
Kraken's Hunger,97.20,97.20
Football Scratch,97.19,97.25
Scratch Match,97.19,97.25
Alien Fruits 2,97.17,97.17
Gemza Xmas Edition,97.17,97.17
Royal Fruit Multilines,97.16,97.16
Fishing Club,97.16,97.16
Gold Train,97.16,97.16
Book Of Pyramids,97.13,97.13
Wild Tiger,97.11,97.11
Fruit Million,97.10,97.10
Bob's Coffee Shop,97.10,97.10
Brave Viking,97.09,97.09
Caishen's Gold,97.08,97.08
Fortuna Trueways,97.07,97.07
Magical Lamp,97.01,97.01
Epic Joker,97.00,97.00
Super Duper,97.00,97.00
Haunted Reels,97.00,97.00
Classic Fantastic,97.00,97.00
Chicken Rush,97.00,97.00
Hit the Route,97.00,97.00
Triple Panda,97.00,97.00
Dragon's Crash,97.00,97.00
Street Power,97.00,97.00
Snoop Dogg Dollars,97.00,97.00
Panda Luck,97.00,97.00
Cherry Fiesta,96.98,96.98
Aztec Magic,96.96,96.96
Aztec Magic Deluxe,96.96,96.96
Dragons Awakening,96.96,96.96
Mummy's Gold,96.96,96.96
West Town,96.95,96.95
Book Of Cats Megaways,96.95,96.95
Erik the Red,96.95,96.96
Book of Panda Megaways,96.95,96.95
Grand Express Action Class,96.94,96.94
Wild Heart,96.92,96.92
Zombie Circus,96.92,96.92
Elephant Stampede,96.91,96.91
Dawn of the Incas,96.90,96.90
Dragons Gold 100,96.90,96.90
Adventures of Li’l Red,96.90,96.90
Book of 8 Riches,96.90,96.90
Rush Fever 7s,96.90,96.90
Zeus Rush Fever,96.90,96.90
Sun of Ra,96.90,96.90
Hammer Of Thunder,96.89,96.89
Forgotten,96.89,96.89
Silver \u0026 Gold Mine,96.88,96.88
Bull Fever,96.88,96.88
Feliz Día de los Muertos,96.88,96.88
Vegas No Limit Wins,96.88,96.88
Grand Express Diamond Class,96.88,96.88
Voodoo People,96.88,96.88
Clash of the Giants,96.85,96.85
Happy Neko,96.85,96.85
Powerspin,96.84,96.84
Beast Band,96.83,96.83
Enter the Vault,96.82,96.82
Diamond Spree Explosion,96.82,96.82
Diamond Explosion 7s,96.82,96.82
Diamond Explosion Sweet Love,96.82,96.82
Wizard’s Spell,96.81,96.81
Book of Sun,96.80,96.80
Elvis Frog True ways,96.79,96.79
Vampire's Fate,96.79,96.79
Lantern Luck,96.77,96.77
Moji Mania,96.75,96.75
It's Time,96.74,96.74
Wild Flow,96.74,96.74
Disco Beats,96.74,96.74
Candy Tower,96.73,96.73
Christmas Big Bass Bonanza,96.71,96.71
Eye of the Storm,96.71,96.71
Lucky, Grace \u0026 Charm,96.71,96.71
Imperial Fruits: 5 lines,96.71,96.71
Bigger Bass Bonanza,96.71,96.71
Hot Hot Summer,96.71,96.71
Wild Trucks,96.71,96.71
Hey Sushi,96.71,96.71
Hot to Burn,96.71,96.71
Big Bass Splash,96.71,96.71
Slingo Superspin,96.71,96.71
Big Bass Bonanza Megaways,96.70,96.70
Ultra Hold and Spin,96.70,96.70
Colossal Gems,96.70,96.80
Alice and the Mad Respin Party,96.70,96.70
Slot Machine Christmas,96.70,96.95
Galaxy Guardian,96.70,96.70
Marvelous Furlongs,96.70,96.83
Book Of Kingdoms,96.69,96.69
Sweet Rush Megaways,96.69,96.69
Wild Diamond 7x,96.69,96.69
Return to the Feature,96.68,96.68
Pixie Wings,96.67,96.67
Gold Panther Maxways,96.67,96.67
Happy Ape,96.66,96.66
Hit More Gold,96.65,96.65
Mega 7,96.65,96.65
Laughing Buddha,96.64,96.64
Ultra Burn,96.62,96.62
TNT Bonanza,96.60,96.60
Star Bounty,96.60,96.60
Spooktacular Bonanza,96.60,96.60
Emerald's Infinity Reels,96.60,96.60
Holly Jolly Bonanza,96.60,96.60
Joker's Jewels Wild,96.58,96.58
Roman Legend,96.57,96.57
Rockin’ Gorilla,96.57,96.57
Zeus Rush Fever Deluxe,96.56,96.56
Rush Fever 7s Deluxe,96.56,96.56
Madame Destiny Megaways,96.56,96.56
Hades River of Souls,96.56,96.56
Money Stacks,96.55,96.55
Gems Bonanza,96.55,96.55
Mystic Chief,96.55,96.55
The Dog House Megaways,96.55,96.55
The Great Pigsby,96.55,96.55
Magic Journey,96.54,96.54
Clover Gold,96.54,96.54
Big Juan,96.53,96.70
Aztec Bonanza,96.53,96.53
Hot Fiesta,96.53,96.56
Mustang Gold,96.53,96.53
Monkey Madness,96.53,96.53
Prince of Riches,96.53,96.53
Sugar Rush 1000,96.53,97.50
Fire Strike 2,96.53,96.53
Fruit Rainbow,96.53,96.53
Sweet Kingdom,96.53,96.53
Juicy Fruits,96.52,96.52
Hot Chilli,96.52,96.52
Spirit of The Beast,96.52,96.71
Triple Tigers,96.52,96.52
Treasure Horse,96.52,96.52
Fairytale Fortune,96.52,96.52
Aztec Gems,96.52,96.52
Macau Beauties,96.52,96.52
Buffalo King Megaways,96.52,96.52
Vegas Hotties,96.52,96.52
Fiery Sevens Exclusive,96.52,96.52
Elemental Gems Megaways,96.51,96.51
Emerald King,96.51,96.51
Revenge of Loki Megaways,96.51,96.51
The Dog House Dice Show,96.51,96.51
Gold West,96.51,96.51
Jokers Treasure,96.51,96.51
Voodoo Magic,96.50,96.50
Mysterious,96.50,96.50
Madame Destiny,96.50,96.50
Starlight Princess,96.50,96.50
Chilli Heat Megaways,96.50,96.50
Super 7s,96.50,96.50
Colossal Cash Zone,96.50,96.50
Joker's Jewel Dice,96.50,96.50
Release The Kraken,96.50,96.50
Greek Gods,96.50,96.50
3 Secret Cities,96.50,98.00
Cash Patrol,96.50,96.50
Pirate Gold,96.50,96.50
Fruit Party,96.50,96.50
Gates of Olympus,96.50,96.50
Pyramid King,96.50,96.50
Egyptian Fortunes,96.50,96.50
Dance Party,96.50,96.50
Medusa Money,96.50,96.50
Chilli Heat,96.50,96.50
Hercules And Pegasus,96.50,96.50
Monkey Warrior,96.50,96.50
Aztec Gems Deluxe,96.50,96.50
John Hunter and the Book of Tut,96.50,96.50
John Hunter and the Aztec Treasure,96.50,96.50
Book of Destiny,96.50,96.72
Big Bass Bonanza - Reel Action,96.50,96.50
6 Wild Sharks,96.50,97.00
Multiplier Odyssey,96.50,96.50
Peking Luck,96.50,96.50
4 Deals with the Devil,96.50,96.50
Sugar Rush Xmas,96.50,96.50
5 Frozen Charms Megaways,96.50,96.50
Magician's Secrets,96.50,96.51
Joker's Jewels,96.50,96.50
Gold Party,96.50,96.50
Fire Strike ,96.50,96.50
Joker King,96.50,96.50
Fishin' Bear,96.50,96.50
Honey Honey Honey,96.50,96.50
Starlight Princess 1000,96.50,96.50
Badge Blitz,96.50,96.50
Sweet Bonanza Dice,96.49,96.49
Day of Dead,96.49,96.49
Might of Ra,96.49,96.49
Dragon Ladies,96.49,96.49
 3 Coin Volcanoes,96.49,96.49
Pirate's Booty,96.49,96.49
Lady Phoenix,96.49,96.49
Book of Riches Deluxe,96.49,96.49
Christmas Fortune,96.49,96.49
Book of Riches Deluxe Chapter 2,96.49,96.49
Brilliant Gems,96.49,96.49
Loco Habanero,96.49,96.49
Caveman Bob,96.49,96.49
Viking Crusade,96.49,96.49
Wild Pixies,96.48,96.48
Starz Megaways,96.48,96.48
Master Chen's Fortune,96.48,96.48
Asgard,96.48,96.48
Master Chen's Fortune,96.48,96.48
Shake Shake Leprechaun,96.48,96.48
Master Chen's Fortune,96.48,96.48
Sweet Bonanza Xmas,96.48,96.51
Master Chen's Fortune,96.48,96.48
Master Chen's Fortune,96.48,96.48
Master Chen's Fortune,96.48,96.48
Tropical Pop Jackpot Play,96.48,96.48
Diamond Strike,96.48,96.48
Quest of Gods,96.48,96.48
Shake Shake Christmas,96.48,96.48
Shake Shake Money Tree,96.48,96.48
Arcane Beauties,96.48,96.48
Golden Forge,96.48,96.48
Jewel Rush,96.47,96.47
Space Miners,96.47,96.47
J Mania Golden Eggs,96.47,96.47
Wild Booster,96.47,96.47
Christmas Carol Megaways,96.47,96.58
Ancient Egypt,96.47,96.47
Jade Butterfly,96.47,96.47
Royal Griffin,96.47,96.47
Ancient Egypt Classic,96.47,96.47
Jurassic Party,96.47,96.47
Madame Luck,96.47,96.47
Reel All-Stars,96.47,96.47
Mayan Cache,96.47,96.47
Tiki Blaze,96.47,96.47
Master Joker,96.46,96.46
Gates of Valhalla,96.46,96.60
Fruits \u0026 Jokers: 100 lines,96.46,96.46
Leprechaun Song,96.46,96.46
Volcano Rising,96.46,96.46
Drill That Gold,96.45,96.49
Thunder of Olympus,96.45,96.45
Barn Festival,96.45,96.45
Wild Beach Party,96.45,96.53
Holy Hand Grenade,96.45,96.82
Tree of Riches,96.45,96.45
Heroes' Gathering,96.45,96.45
Egyptian Sun,96.44,96.44
Grand Mariachi,96.44,96.44
Plunderland,96.43,97.14
Yum Yum Powerways,96.43,96.43
Grand Express Fiesta,96.43,96.43
Hex,96.43,96.43
ZapOtec Gold,96.43,96.43
Plunderland,96.43,97.14
Extra Juicy Megaways,96.42,96.48
Amazing Money Machine ,96.42,96.42
Alice In The Wild,96.42,96.42
Wild West Gold Megaways,96.41,96.45
Three Samurai,96.41,96.48
Kingdom of Atlantis Jackpot Play,96.41,96.41
Congo Cash XL,96.41,94.48
Chip Spin,96.41,96.74
Stampede Rush Speedy Santa,96.41,96.41
Stampede Rush Wicked,96.41,96.41
Sword of Ares,96.40,96.40
Money Train 2,96.40,96.40
123 Boom!,96.40,96.40
Elven Princesses,96.40,96.40
Blazing Tiger,96.40,96.40
Cluster Tumble,96.40,96.40
Slingo Fire \u0026 Ice,96.40,96.40
Clovers of Luck,96.40,96.40
Sugar Party,96.40,96.40
Gems of Serengeti,96.40,96.40
Mayan Blaze,96.40,96.40
Mucho Loco Habanero,96.39,96.39
Snoop's High Rollers,96.39,96.39
Dr. Frankenstein,96.39,96.39
More Dragon Ladies,96.39,96.39
Ignite The Night,96.39,96.39
5 Monsters,96.38,96.38
Almighty Kingdom Fall,96.38,96.38
Safari King,96.37,96.49
Sugar Rush Fever,96.37,96.37
Bamboo Fortune,96.37,96.37
Native Spirit,96.37,96.37
8 Dragons,96.37,96.37
Go High Panda,96.37,96.37
Go High Gallina,96.37,96.37
Queen of Gods,96.36,96.38
Shining Hot 40,96.36,96.36
Crystal Golem,96.36,96.36
Troll's Gold,96.36,96.36
Shining Hot 40 Jackpot Play,96.36,96.36
Vegas Gold,96.36,96.36
Crazy Bomber,96.36,96.36
Wild Chapo,96.36,97.00
Lucky Lucifer,96.35,96.35
Attila The Hun,96.35,96.35
Arabian Secret,96.34,96.34
Shining Hot 5,96.33,96.33
Shining Hot 20,96.33,96.33
African Cats,96.33,96.33
Diamond Explosion Patriots,96.33,96.33
Shining Hot 5 Jackpot Play,96.33,96.33
Shining Hot 20 Jackpot Play,96.33,96.33
Shining Hot 100 Jackpot Play,96.32,96.32
Shining Hot 100,96.32,96.32
Pine of Plinko 2,96.32,96.32
Beast Mode,96.32,96.32
Gummy Giga Match,96.32,96.32
Sevens\u0026Fruits,96.31,96.31
J Mania Diamonds,96.31,96.31
Go High Fruit,96.31,96.31
Go High Olympus,96.31,96.31
J Mania Turkey Chef,96.31,96.31
Royal Potato,96.31,96.31
Devil Hot as Hell,96.31,96.31
Blazing Wins: 5 Lines,96.31,96.31
The Great Stick-up,96.30,96.30
Hellcatraz,96.30,96.88
Mad Hit BearHaus,96.30,96.30
Smoking Hot Fruits,96.30,96.30
Immortal Ways Spooktacular,96.30,96.30
Tarasque,96.30,96.30
Dragon 8s 25x,96.30,96.30
Fishing Mania,96.30,96.30
Dead Man's Trail,96.29,98.00
Platinum Lightning Deluxe,96.29,96.29
Cash Defense,96.29,97.33
Hazakura Ways,96.29,97.00
Platinum Lightning,96.29,96.29
Immortal Ways Buffalo SE,96.29,96.29
Immortal Ways Diamonds,96.29,96.29
Immortal Ways Buffalo,96.29,96.29
Gallantry,96.29,96.29
Immortal Ways 88 Charms,96.29,96.29
Ten Ton Ways Goldfish,96.29,96.29
Immortal Ways Pinata,96.29,96.29
Immortal Ways Lady Moon,96.28,96.28
Immortal Ways Sweet Coin,96.28,96.28
Immortal Ways Champions,96.28,96.28
The Dragon Tiger,96.27,96.27
Merlin's Fortune,96.27,96.27
Santa's Stack,96.27,96.27
Mad Hit Marlin Bonanza,96.27,96.27
Helios Fury,96.27,97.00
Mad Hit Oasis,96.27,96.27
Mad Hit Hidden Cities,96.27,96.27
Fire Hot 5 Jackpot Play,96.27,96.27
Templar Tumble,96.26,96.26
Wild Thirst,96.26,96.26
Royal Potato 2,96.26,96.26
Alice in Adventureland,96.26,96.30
Wild Thirst,96.26,96.26
Gangsterz,96.25,96.25
King of Kings,96.25,96.25
Star Blitz,96.25,96.25
Pop Zen,96.25,96.25
Snake Arena,96.25,96.25
Lobster Hot Pot,96.24,96.24
Rio Pleasures,96.24,96.24
Tiger Kingdom Infinity Reels,96.23,96.23
Aladdin And The Sorcerer,96.23,96.23
Volatile Vikings,96.23,96.23
Shadow Summoner Egypt,96.23,96.23
Luck and Magic,96.23,95.99
Sheerluck,96.22,96.22
Fortune Llama Hyper Heist,96.22,96.22
The Big Hit,96.21,96.21
Burning Wins: classic 5 lines,96.21,96.21
Mega Masks,96.21,96.61
Tipsy Charms,96.21,96.21
Burning Fortunator,96.21,96.21
Chained Fighters,96.21,96.21
Pirate Kingdom Megaways,96.20,96.20
CherryPop,96.20,96.20
Hellfire Joker,96.20,96.20
Neon Dreams,96.20,96.20
Money Train,96.20,96.20
3 China Pots,96.20,96.20
Iron Bank,96.20,96.20
Mega Flip,96.20,96.20
Dead Riders Trail,96.20,96.50
Wheel of Time,96.20,96.20
Midnight Marauder,96.19,96.19
Mega Heist,96.19,96.50
Firewins Factory,96.19,96.19
La Fiesta,96.19,96.55
Fruit Smash,96.19,96.19
Gnomes and Giants,96.19,96.37
Treasure Snipes,96.18,96.18
Immortal Empress,96.18,96.18
Coin Quest 2,96.18,96.18
Panda's Fortune,96.17,96.17
Wild Gladiators,96.17,96.17
StarSpell,96.17,96.17
Horror Hotel,96.17,96.17
Sails of Fortune,96.17,96.65
Lucky Dama Muerta,96.16,96.16
Sands of Eternity,96.16,96.16
Beanstalk Grows Wild,96.16,96.16
Vulcan's Gold,96.16,96.16
Blender Blitz,96.16,96.16
Europe Transit,96.15,96.15
Ramses Revenge,96.15,96.15
Mega Mine,96.15,97.00
Frequent Flyer,96.14,96.14
Tikiz 'N' Juice,96.14,96.57
Let's get ready to Rumble,96.14,96.14
Darkness,96.14,96.79
Dragon Age Hold \u0026 Win,96.14,96.14
Adrenaline Rush: Super Boost,96.14,96.14
Hot Mania,96.13,96.13
Miss Cherry Fruits,96.13,96.13
Budai reels,96.13,96.13
Shark Frenzy,96.13,96.13
Banana Town,96.12,96.12
Cycle of Luck,96.12,96.12
Green Hat Magic,96.12,96.12
20 Mega Fruit,96.12,96.12
Book of Power,96.11,96.11
Sloth Tumble,96.11,96.11
Arriba Heat,96.11,96.11
Prospector Wilds Hold and Win,96.11,96.11
Wolf Strike Hold \u0026 Win,96.11,96.11
TNT Tumble,96.11,96.11
Chilli Bandits,96.11,96.11
Tower Tumble,96.11,96.11
Burning Classics,96.10,96.10
Net Gains,96.10,96.50
Torii Tumble,96.10,96.50
Wild Chapo 2,96.10,96.50
Hot Triple Sevens,96.10,96.10
Joker Split,96.10,96.10
Epic Dreams,96.10,96.10
Midnight Show,96.10,96.10
Bill \u0026 Coin,96.10,96.10
Top Dawg$,96.10,96.10
Quackin' Reels,96.10,96.10
Cat's Blessing,96.10,96.10
TNT Bonanza 2,96.10,96.10
Coins of Thor - Hold \u0026 Win,96.10,96.10
Catch The Wind,96.10,96.10
Money Train 3,96.10,96.50
The Tumbles,96.10,96.10
Forty Fruity Million,96.10,96.10
Wildfire,96.10,96.10
Gem Rush,96.10,96.80
Wins of Nautilus,96.10,96.10
Sands of Eternity 2,96.10,96.40
Gold Magnate,96.10,96.10
Howling For Gold,96.10,96.10
Book Hotfire Multichance,96.10,96.10
Train to Rio Grande,96.10,96.10
Wild Hike,96.09,96.54
The Greatest Catch,96.09,96.09
Brew Brothers,96.09,96.09
Titan Strike,96.09,96.50
Money Jar,96.09,96.09
Ice Mania,96.09,96.09
Snakes \u0026 Ladders - Snake Eyes,96.08,96.08
Club Tropicana,96.08,96.08
Cowboy Coins,96.08,96.08
Vegas Magic,96.08,96.08
Pirate Multi Coins,96.08,96.08
Johnny Coin,96.08,96.08
Super Fruit Smash,96.08,96.08
Roman Rule,96.08,96.08
Thunder Wheel,96.08,96.08
Xmas Spark,96.08,96.08
Solar Nova Megaways,96.08,96.08
Crimson Hippo,96.08,96.08
Dreadworks,96.08,96.08
Santa's Village,96.07,96.07
Big Bass - Hold \u0026 Spinner,96.07,96.07
X Demon,96.07,96.07
Gift Rush,96.07,96.07
Wolf Saga,96.06,96.06
Northern Temple,96.06,96.06
Dark King,96.06,96.06
Buffalo King,96.06,96.06
Big Bass Halloween,96.06,96.06
Shark Wash,96.06,96.50
Old West,96.05,96.05
Vegas Nights,96.05,96.05
Hot Triple Sevens Special,96.05,96.05
Jhana of God,96.05,96.05
Super Hot Chilli,96.05,96.52
Lucky Card,96.05,96.05
Lucy Luck and the Temple of Mysteries,96.05,96.38
African Elephant,96.04,96.04
Rocket Stars,96.04,96.04
Fruit Super Nova 40,96.04,96.04
Witchy Poppins,96.04,96.04
Double Up Respin,96.04,96.04
Rocket Stars,96.04,96.04
Candy Jar Clusters,96.04,96.08
6 Mega Juicer,96.04,96.04
Rise of Horus,96.04,96.04
Jurassic Giants,96.03,96.03
Mega Greatest Catch,96.03,96.03
Law of Gilgamesh,96.03,96.03
Mega Fruit 100,96.03,96.03
Fruit Fantasy Hold \u0026 Win,96.03,96.03
Outlaws,96.03,96.03
Vikings Creed,96.03,96.03
PopNoir,96.03,96.03
Wild Bison Charge,96.03,96.04
Tyrant's Fall,96.03,96.03
Bull's Club,96.02,96.02
Triple Chilli,96.02,96.02
Lucky Porker,96.01,96.01
Wolf Bonanza,96.01,96.01
5 Wild Buffalo,96.01,96.01
Wolf Gold,96.01,96.01
Hot Volcano,96.01,96.01
Inner Fire,96.01,96.01
Lucky New Year,96.00,96.00
Beellionaires,96.00,96.00
Hot Rod Racers,96.00,96.00
Dragon Pearls,96.00,96.00
Scarab Boost,96.00,96.00
24 Stars Dream,96.00,96.00
Money Cart 3,96.00,96.00
Aztec Magic Bonanza,96.00,96.00
Candy Dreams: Sweet Planet,96.00,96.08
Alien Fruits,96.00,96.00
Money Mouse,96.00,96.00
Money Cart 4,96.00,96.00
Joker Queen,96.00,96.00
Gold Gold Gold,96.00,96.00
Gold of Minos,96.00,96.00
Reef Pop,96.00,96.00
Forest Dreams,96.00,96.00
Fortuna Gold,96.00,96.00
Wild Coin,96.00,96.00
B-Ball Blitz,96.00,96.00
King Tut's Tomb,96.00,96.00
21 Thor Lightning Ways,96.00,96.00
Fluffy Rangers,96.00,96.00
Alaskan River Riches,96.00,96.00
Mega Diamonds Hunt,96.00,96.00
Carnival Bonanza,96.00,96.00
Howling Wolves Megaways,96.00,96.00
Wolf Power Megaways,96.00,96.00
Cosmic Rush,96.00,96.00
Wild Bullets,96.00,96.00
Spirit Hunters,96.00,96.00
Cursed Castle,96.00,96.00
Massive Luck,96.00,96.00
Joker Queen,96.00,96.00
Venice Festival,96.00,96.00
Bone Bonanza,96.00,96.00
3 Dancing Monkeys,96.00,96.00
Coin Forge,96.00,96.00
Fox Tale,96.00,96.00
Lucky Farm Bonanza,96.00,96.00
Fortune Llama,96.00,96.00
Moosey Money,96.00,96.00
Hottest 666,96.00,96.00
Fruit Heaven Hold and Win,96.00,96.00
Chicago,96.00,96.00
Wins of Mermaid Multi Power,96.00,96.00
Ocean Catch,96.00,96.00
Belfry Bliss,96.00,96.00
Gold Gold Gold 5000,96.00,96.00
Looney Pop,96.00,96.00
Unlimited Wishes,95.99,95.99
7 Piggies,95.99,95.99
Pyro Joker,95.99,95.99
Coin Forge Magnetic,95.99,95.99
Juicy Triple Bonus,95.98,95.98
Penny Pelican,95.98,95.98
Poseidon,95.98,95.98
Candy Luck,95.98,95.98
Wild Double Up,95.97,95.97
Fury of Odin Megaways,95.97,96.02
Giza Nights: Hold and Win,95.96,95.96
Thunder Mega Sevens,95.96,95.96
CherryPop Deluxe,95.96,95.96
Electric Elements,95.96,95.96
Wonder Farm,95.95,95.95
Pearl Ocean: Hold and Win,95.95,95.95
Wonder Farm,95.95,95.95
Jelly Valley,95.95,95.95
Dragon Balls,95.95,96.10
Ultra Hot Sevens,95.94,95.94
The Dead Escape,95.92,98.00
Immortal Treasures,95.90,95.90
Lucky Oasis,95.90,95.90
Candy Craze,95.89,95.89
5 Super 7s and Fruits,95.89,95.89
Pink Joker: Hold and Win,95.87,95.87
Tiger Jungle,95.86,95.86
Piggy Gold,95.86,95.86
3 Coins,95.84,95.84
Halloween Bonanza,95.84,95.84
3 Coins: Egypt,95.82,95.82
Temple of Thunder 2 Hold and Win,95.82,95.82
Temple of Thunder II,95.82,95.82
Aztec Pyramid,95.82,95.82
Power of Thor Megaways,95.81,95.81
Spin \u0026 Score Megaways,95.81,96.55
Ultra Coin Magnetic,95.81,95.81
Elysium Vip,95.81,95.81
Bang Bang Reloaded,95.80,95.80
Eggs of Gold,95.80,95.80
Spin and Spell,95.80,95.80
Dog Heist Shift and Win,95.80,95.80
Miss Rainbow: Hold and Win,95.80,95.80
MegaWays Jack,95.79,96.20
Banana Splash,95.79,95.79
Lotus Charm,95.78,95.78
Magic Apple,95.78,95.78
Supercharged Clovers Hold \u0026 Win,95.78,95.78
Sword King,95.78,95.78
Queen of the Sun,95.77,95.77
888 Dragons,95.76,95.76
Book of Sun - Choice,95.76,97.74
Luxor Gold: Hold and Win,95.76,95.76
3 Pots Riches Hold And Win,95.76,95.76
Empire Gold: Hold and Win,95.76,95.76
3 Pots Riches Extra: Hold and Win,95.76,95.76
3 Magic Lamps: Hold and Win,95.76,95.76
3 Carts of Gold: Hold and Win,95.76,95.76
3 Pirate Barrels,95.76,95.76
777 Coins Hold and Win,95.75,95.75
Coin UP: Hot Fire,95.75,95.75
Wild Bull Megaways,95.75,95.75
Energy Coins Hold And Win,95.74,95.74
Slingo Deadliest Catch,95.74,95.74
Sunny Fruits 2: Hold and Win,95.74,95.74
Power Crown Hold and Win,95.74,95.74
Energy Joker: Hold and Win,95.74,95.74
3 Clover Pots,95.74,95.74
Book of Sun Multichance,95.72,95.72
Sky Pearls,95.72,95.72
Raging Zeus,95.72,95.72
15 Dragon Pearls,95.71,95.71
Grab the Gold,95.71,95.71
Joker's Coins Hold and Win,95.71,95.71
3 Egypt Chests,95.71,95.71
Wukong,95.70,95.70
Trawler Fishin,95.70,95.70
Wild West Buffalo Blast,95.70,95.70
Serpent Gold Coins,95.70,95.70
Crack The Bank Hold and Win,95.70,95.70
Grab More Gold!,95.70,95.70
Fire Temple Hold and Win ,95.70,95.70
Boogie Boom,95.70,95.80
Space Sam Walk and Win,95.70,95.70
Eye of Gold,95.69,95.69
Rio Gems,95.69,95.69
Wolf Night,95.69,95.69
Little Farm,95.69,95.69
African Spirit,95.69,95.69
Storm of Olympus Hit the Bonus 3x3,95.68,95.68
Arriba Heat Megaways,95.68,95.68
Return of the Dead,95.67,96.71
Coin up Lightning,95.67,95.67
Forest Spirit,95.67,95.67
Wolf Land: Hold and Win,95.66,95.66
Pirate Chest: Hold and Win,95.66,95.66
Thunder Coins Hold and Win,95.66,95.66
Coin Strike: Hold and Win,95.66,95.66
Coin Volcano,95.66,95.66
Xtra Hot,95.66,95.66
Rave Up,95.66,95.66
Diamonds Power Hold and Win,95.66,95.66
Hit the Gold Hold and Win,95.66,95.66
Clover Charm: Hit the Bonus,95.66,95.66
Book of Wizard: Crystal Chance,95.65,95.65
Green Chilli,95.65,95.65
Pearl Diver 2: Treasure Chest,95.65,95.65
Royal Fortunator: Hold and Win,95.64,95.64
Sun of Egypt 2,95.64,95.64
Royal Coins: Hold and Win,95.64,95.64
Royal Coins 2: Hold and Win,95.64,95.64
5 Lions Gold,95.64,95.64
Crown And Diamonds Hold And Win,95.64,95.64
Fire Coins: Hold and Win,95.64,95.64
Sky Coins,95.64,95.64
Gold Express,95.64,96.00
Lucky Penny,95.64,95.64
Book of Wizard,95.63,95.63
Hot To Burn Extreme,95.63,96.65
Royal Joker: Hold and Win,95.62,95.62
Golden Teapot,95.62,95.62
Yo Ho Gold,95.62,95.62
Sun of Egypt 3,95.61,95.61
Dragon Wealth,95.61,95.61
Boom! Boom! Gold!,95.61,95.61
Pearl Diver,95.60,95.60
Diamond Fortunator Hold and Win,95.60,95.60
Legendary Diamonds,95.60,95.60
Green Chilli 2,95.60,95.60
Lamp Of Wonder,95.60,95.60
Smoking Pistols,95.60,95.60
Jam Bonanza,95.60,95.60
Space Cows to the Moon,95.60,95.60
Crystal Scarabs Hold and Win,95.60,95.60
Payday Pig,95.60,95.60
Classic Coins,95.60,95.60
Chief Hawks Spirit Walk,95.60,95.60
Power of Rome,95.60,95.60
Arizona Heist: Hold and Win,95.60,95.60
Lion Coins,95.59,95.59
3 Hot Chillies,95.59,95.59
Cosmic Cash,95.58,96.55
Gold Nuggets,95.58,95.58
Magic Ball Multichance,95.58,95.58
More Magic Apple,95.57,95.57
Tiger Gems,95.57,95.57
Mustang Gold Megaways,95.56,95.56
Snakes and Ladders Megadice,95.55,96.68
Ruby Hit: Hold and Win,95.55,95.55
Lion Gems: Hold and Win,95.55,95.55
Ultra Fortunator,95.55,95.55
Octobeer Fortunes,95.54,96.53
Black Wolf,95.54,95.54
Big Heist,95.54,95.54
Black Wolf 2,95.54,95.54
Aztec Fire 2,95.54,95.54
The Wild Machine,95.53,95.53
Caishen Wealth,95.53,95.53
Magic Apple 2,95.53,95.53
Sharky,95.53,95.53
Candy Blitz Bombs,95.53,96.54
Candy Boom,95.52,95.52
Diamond Wins Hold and Win,95.52,95.52
Sunlight Princess,95.52,95.52
Wild Depths,95.51,96.48
The Dog House,95.51,96.51
Fortune of Giza,95.51,96.51
Triple Jokers,95.51,96.47
Super Joker,95.51,95.51
5 Lions,95.51,95.51
Slingo Berserk,95.51,95.51
John Hunter and the Tomb of the Scarab Queen,95.50,96.50
Bounty Gold,95.50,96.50
Aztec Fire,95.50,95.50
Sticky Piggy,95.50,95.50
Super Rich God,95.50,95.50
Bomb Bonanza,95.50,96.46
Caishen's Cash,95.50,96.50
Drago - Jewels of Fortune,95.50,96.50
Egypt Fire,95.50,95.50
Secrets Of Anubis,95.50,95.50
The Great Chicken Escape,95.50,95.50
The Magic Cauldron,95.50,96.44
Lucy Luck and the Crimson Diamond,95.50,95.50
Buffalo Hold and Win Extreme,95.50,95.50
Fortune Tycoons,95.50,95.50
Triple Dragons,95.50,96.51
Ronaldinho Spins,95.50,95.50
Maya Sun,95.50,95.50
Olaf Viking,95.50,95.50
Crystal Land 2,95.50,95.50
Jester's Riches,95.50,95.50
Hoop Kings,95.50,95.50
Ultimate Hold 'N' Win,95.50,95.50
Diamond Hits,95.50,95.50
Lord Fortune 2,95.49,95.49
Mighty Gorilla,95.49,95.49
Lightning Clovers - Hit the Bonus,95.49,95.49
Great Rhino,95.48,95.48
Empty the Bank,95.48,96.48
Flaming Chillies,95.48,95.48
Release the Bison,95.48,95.48
Mice \u0026 Magic Wonder Spin,95.48,96.93
Sweet Spotz,95.48,95.48
Amazonia Spirit Hold and Win,95.47,95.47
Sun of Egypt 4 Hold and Win,95.47,95.47
Fire 88,95.47,95.47
Diamond Riches,95.47,95.47
Santa's Wonderland,95.46,96.23
Sweet Bonanza,95.45,96.51
7 Clovers of Fortune,95.44,96.47
Buffalo Power 2 Hold And Win,95.44,95.44
Spirit of Egypt Hold and Win,95.43,95.43
Mechanical Clover,95.42,95.42
The Wild Wings of Phoenix,95.40,95.40
The Chillies,95.40,95.40
Secret Book of Amun-Ra,95.40,95.40
Always Hot,95.36,95.36
Indian Spirit,95.34,95.34
Aztec Sun,95.33,95.33
Queen of Hearts Deluxe,95.31,95.31
Scarab Riches,95.30,95.30
Stampede Bonanza,95.30,95.30
Pirate Golden Age,95.29,96.49
Flame Dancer,95.29,95.29
Western Wilds Hold \u0026 Win,95.27,95.27
River Queen,95.26,95.26
God of Wealth Hold and Win,95.24,95.24
Hit the Bank Hold and Win,95.21,95.21
Great Panda,95.20,95.20
Billy Bob Boom,95.20,95.20
Let It Spin,95.20,95.20
Golden Scrolls,95.20,95.20
X-Wild,95.19,95.19
Sweet Candy Cash,95.18,95.18
Wild Spells,95.17,96.40
Blood Moon Hold \u0026 Win,95.17,95.17
Ultra Hot Deluxe,95.17,95.17
Eagle Strike Lucky Cache Hold and Win,95.16,95.16
Leprechaun Charms Hold \u0026 Win,95.14,95.14
Dolphin's Pearl Deluxe,95.13,95.13
Lucky Lady's Charm Deluxe 6,95.13,95.13
Big River Fishing,95.12,95.12
Cash Pig,95.11,95.11
Tiger's Gold,95.10,95.10
Mammoth Peak: Hold and Win,95.10,95.10
Book of Ra Deluxe Play Feature,95.10,95.10
Fortune and Finary,95.10,95.10
Book of Ra Deluxe,95.10,95.10
Tigers Gold Hold and Win,95.10,95.10
Lord of the Ocean,95.10,95.10
Gorilla,95.09,95.09
Year of the Dragon King,95.08,95.08
Eagle Power: Hold and Win,95.06,95.06
40 Mega Hotfire,95.05,95.05
Legend of Cleopatra,95.05,95.05
Santa's Great Gifts,95.04,95.04
Mammoth Gold Megaways,95.04,96.03
Buffalo Power Hold \u0026 Win,95.04,95.04
Buffalo Power Christmas,95.04,95.04
Wisdom of Athena 1000,95.03,96.00
Pepper Mania,95.02,95.02
Katana,95.02,95.02
Hot Pepper,95.02,95.02
Columbus Deluxe,95.02,95.02
777 Fruity Classic,95.01,95.01
4 Secret Pyramids,95.00,95.00
Deep Descent,95.00,95.00
Moon Sisters,95.00,95.00
Super Marble,95.00,95.00
Sun of Egypt,95.00,95.00
Scarab Temple,95.00,95.00
Buddha Fortune,95.00,95.67
Olympian Gods,95.00,95.00
Bloodaxe ,95.00,95.00
Moleionaire,95.00,95.00
Gryphon's Gold,95.00,95.00
King of Cards,95.00,95.00
Flip n' Spin,95.00,95.00
Treasure Jewels,95.00,95.00
Slingo Advance,95.00,95.00
Slingo Deal Or No Deal,95.00,95.00
Avalon: The Lost Kingdom,95.00,95.00
Slingo Fortunes,95.00,95.00
Hot Fire Fruits,95.00,95.00
Clover Fortunes,95.00,95.00
Slingo X-Scream,95.00,95.00
Slingo XXXtreme,95.00,95.00
Catch the Gold Hold and Win,94.98,94.98
Dragon Hero,94.94,94.94
Aloha King Elvis,94.92,94.92
Buffalo Riches,94.85,94.85
Temple Tumble 2,94.80,94.80
Volatile Vikings 2,94.80,94.80
Disco Zu,94.72,94.72
Great Rhino Megaways,94.69,94.69
Hot to Burn Hold and Spin,94.65,94.65
Lucky Otter,94.65,94.65
Monster Hunt,94.65,94.65
Dragon Hot Hold \u0026 Spin,94.65,96.70
Big Bass Hold \u0026 Spinner Megaways,94.62,96.70
Floating Dragon New Year Festival,94.62,96.70
Floating Dragon,94.62,96.71
Little Gem Hold and Spin,94.62,96.70
Star Pirate's Code,94.61,96.74
Dragon Prophecy,94.61,94.61
Arctic Fruits,94.60,94.60
Big Bass Halloween 2,94.60,94.60
Dragon Gold 88,94.60,94.60
Big Bass Christmas Bash,94.60,96.71
Prospector Wilds,94.60,94.60
Tic Tac Take,94.57,96.63
Rainbow Gold,94.57,96.63
Queenie,94.56,96.51
Spartan King,94.56,96.60
Sumo Supreme Megaways,94.56,96.55
Chicken Chase,94.55,96.48
Wild Celebrity Bus Megaways,94.55,96.52
Spirit of Adventure,94.55,96.60
Tiki Hut Megaways Jackpot Play,94.55,94.55
Oodles of Noodles,94.55,96.58
Angel vs Sinner,94.55,96.56
Greedy Wolf,94.54,96.48
5 Lions Megaways,94.54,96.50
Great Rhino Deluxe,94.54,96.54
Gem Elevator,94.54,96.53
Fangtastic Freespins,94.54,96.51
Wild Walker,94.53,94.53
Magic Money Maze,94.53,96.61
Wild West Gold,94.53,96.51
Dwarf \u0026 Dragon,94.53,96.59
Chicken Drop,94.53,96.50
Hot to Burn Jackpot Play,94.53,94.53
Release the Kraken Megaways,94.53,96.40
Hot to Burn - 7 Deadly Free Spins,94.53,96.54
6 Jokers,94.53,96.55
Wicked Kitty,94.53,94.53
Treasure Wild,94.52,94.52
Lucky Lightning,94.52,96.48
Fortune Hit'n Roll,94.52,96.57
Dynamite Digging Doug,94.52,96.52
Phoenix Forge,94.51,96.51
Temujin Treasures,94.51,96.55
The Hand of Midas,94.51,96.54
Himilayan Wild,94.51,96.51
Sweet Bonanza 1000,94.51,94.51
Hot to Burn Multiplier,94.51,96.51
Starlight Christmas,94.50,94.50
Towering Fortunes,94.50,96.50
Zombie Carnival,94.50,96.50
Gorilla Mayhem,94.50,96.50
Curse of the Werewolf Megaways,94.50,96.50
Congo Cash,94.50,96.51
Down the Rails,94.50,96.51
Aztec Blaze,94.50,96.50
Book of Vikings,94.50,96.50
5 Lions Dance,94.50,94.50
Smugglers Cove,94.50,96.50
Mochimon,94.50,94.50
Floating Dragon Hold \u0026 Spin Megaways,94.50,94.50
Release The Kraken 2,94.50,96.03
The Ultimate 5,94.50,96.50
Cowboys Gold,94.50,96.50
Fishin reels,94.50,96.50
Mysterious Egypt,94.50,96.50
Rock Vegas,94.50,96.64
Shield Of Sparta,94.50,94.50
Gold Rush,94.50,96.50
Street Racer,94.50,96.52
Cleocatra,94.50,96.20
Big Bass Mission Fishin',94.50,96.50
Joker's Jewels Hot,94.50,96.50
Heart of Cleopatra,94.50,94.50
Sugar Rush,94.50,96.50
Egg Rush Jackpot Play,94.50,94.50
Big Bass Bonanza,94.50,96.71
Big Bass Vegas Double Down Deluxe,94.50,96.50
Timber Stacks,94.50,96.50
Knight Hot Spotz,94.50,96.50
Barnyard Megahays Megaways,94.50,96.50
Candy Corner,94.50,96.50
Gates of Olympus 1000,94.50,96.50
Medusa`s Stone,94.50,96.46
Eye of Cleopatra,94.50,96.50
Piggy Bank Bills,94.50,94.50
Three Star Fortune,94.49,96.27
Aztec Powernudge,94.49,97.57
Diamonds of Egypt,94.49,96.49
Pirate Gold Deluxe,94.48,96.48
Mystery Mice,94.48,96.49
Beware the Deep Megaways,94.48,97.47
Rise of Giza PowerNudge,94.47,96.49
The Dog House - Muttley Crew,94.47,96.50
Chests of Cai Shen,94.47,96.47
Fruit Party 2,94.46,96.53
Super X,94.46,96.51
Forging Wilds,94.46,96.52
PayDay Express,94.46,94.55
Vampires vs Wolves,94.45,96.49
Diamonds,94.45,94.45
Wild Hop \u0026 Drop,94.44,96.46
John Hunter and Mayan Gods,94.43,94.43
Pinup Girls,94.43,96.44
Cash Elevator,94.43,94.43
Circle of Sylvan,94.41,96.38
Tropical Tiki,94.40,94.40
Jasmine Dreams,94.40,96.48
Seven Seven,94.40,94.40
Hot Joker Fruits Hold and Win,94.39,96.12
Crystal Caverns Megaways,94.38,94.38
Divine Dynasty Princess,94.36,94.36
Giga Match Sugar Skull,94.36,96.32
Coin Quest,94.36,96.12
Mad Hit Wild Alice,94.36,96.27
North Guardians,94.34,96.38
Goblin Heist Powernudge,94.34,96.47
Fire Hot 20,94.33,94.33
Fire Hot 40,94.33,94.33
John Hunter And The Quest For Bermuda Riches,94.33,94.33
Fire Hot 40 Jackpot Play,94.33,94.33
Fire Hot 20 Jackpot Play,94.33,94.33
Striking Hot 5,94.32,94.32
Fire Hot 5,94.32,94.32
Striking Hot 5 Jackpot Play,94.32,96.29
Candy Stars,94.31,96.47
Fire Hot 100,94.30,96.43
Drunken Sailors,94.30,96.14
Fire Hot 100 Jackpot Play,94.30,96.43
Go High Harvest,94.29,94.29
The Crown Reloaded Xtra Lock,94.27,94.27
Prometheus Titan of Fire,94.26,94.26
Black Bull,94.24,96.51
Luke E. Chance and the Book of Luck,94.24,96.21
Cloud Corsairs,94.24,96.34
Crown of Fire,94.21,94.21
Crown of Fire Jackpot Play,94.21,96.36
Jungle Gorilla,94.21,96.57
Gold Pigger,94.20,96.10
Jokers Invasion,94.20,94.20
Frozen Tropics,94.14,96.15
Gods of Glory,94.13,96.08
Wild Wild Bananas,94.10,96.10
Fish Eye,94.10,96.07
Emberfall,94.10,96.10
Wisdom of Athena,94.09,94.09
Rocket Blast Megaways,94.09,96.01
Power of Merlin Megaways,94.08,96.08
Muertos Multiplier Megaways,94.08,94.08
Fire Archer,94.08,96.07
Lightning Jungle,94.08,96.07
Kingdom of the Dead,94.08,96.07
The Dog House - Dog or Alive,94.08,96.08
Fire Portals,94.08,96.06
Country Farming,94.07,96.07
Heist for the Golden Nuggets,94.07,96.00
Bigger Bass Blizzard - Christmas Catch,94.07,96.08
Rabbit Garden ,94.07,96.05
Sweet Powernudge,94.07,96.08
Floating Dragon - Dragon Boat Festival,94.07,96.09
Slingo China Shores,94.07,94.07
Big Bass Bonanza - Keeping it Reel,94.07,94.07
Big Bass - Secrets of the Golden Lake,94.07,96.07
Samurai Code,94.07,96.08
The Dog House Multihold,94.06,96.06
Cyclops Smash,94.06,96.06
The Knight King,94.06,96.05
Hand of Midas 2,94.06,96.07
Sticky Bees,94.06,96.06
Candy Monsta,94.06,94.06
Tundra's Fortune,94.06,96.04
Juicy Fruits Multihold,94.06,96.04
Monster Superlanche,94.05,96.03
The Red Queen,94.05,96.06
Zeus vs Hades - Gods of War,94.05,96.07
3 Buzzing Wilds,94.05,96.03
Book of Tut Megaways,94.05,96.00
Gold Oasis,94.05,96.06
Big Bass Amazon Xtreme,94.05,94.05
Book of Golden Sands,94.05,96.46
Bow of Artemis,94.05,94.05
Coins and Cannons,94.04,96.08
Fruity Treats,94.04,96.05
Aztec Treasure Hunt,94.04,96.03
Pub Kings,94.04,96.08
Fortunes of Aztec,94.04,96.42
Starlight Princess Pachi,94.04,96.04
Nile Fortune,94.04,96.03
Sky Bounty,94.03,94.03
Candy Blitz,94.03,96.08
Gods Of Giza,94.03,94.03
Lobster Bob's Crazy Crab Shack,94.03,96.03
Ice Lobster,94.03,94.03
The Wild Gang,94.03,96.20
Ding Dong Christmas Bells,94.03,96.05
Mighty Munching Melons,94.03,96.05
Good Luck \u0026 Good Fortune,94.03,96.05
Blade and Fangs,94.03,96.05
Yeti Quest,94.03,96.06
Pirates Pub,94.02,96.03
Lamp of Infinity,94.02,96.07
Lobster Bob's Sea Food and Win It,94.02,96.04
Reel Banks,94.02,96.04
Cash Chips,94.02,94.02
8 Golden Dragon Challenge,94.02,96.02
Demon Pots,94.02,96.01
Spellbinding Mystery,94.02,96.04
Pizza! Pizza? Pizza!,94.02,94.02
Ripe Rewards,94.02,96.07
Infective Wild,94.02,94.02
Sugar Supreme Powernudge,94.02,96.09
Slingo Space Invaders,94.02,94.02
Wheel O'Gold,94.02,96.02
Fat Panda,94.01,96.07
Excalibur Unleashed,94.01,96.05
Running Sushi,94.00,96.00
Mystery of the Orient,94.00,96.00
Firebird Spirit,94.00,96.00
Peak Power,94.00,96.02
Grim the Splitter,94.00,94.00
Totem Guardians,94.00,94.00
Vampy Party,94.00,96.00
Gravity Bonanza,94.00,96.09
Twilight Princess,94.00,96.08
Rainbow reels,94.00,96.07
7 Gold Fruits,94.00,96.00
Grizzly Strike Hold and Win,94.00,96.13
Fly Cats,94.00,94.00
Davy Jones Locker,94.00,94.00
5K Gold Mine,94.00,94.00
Western Wilds Megaways,94.00,94.00
Line Busters,94.00,94.00
Sweetopia Royale,94.00,96.10
Farming Frenzy,94.00,96.35
Fire Stampede,94.00,96.00
Piggy Power: Hit The Bonus,94.00,96.03
5 Doggy Millionaires,94.00,96.03
Vegas Branded Hold and Win,94.00,94.00
Feather Fury,94.00,96.10
9k Kong in Vegas,94.00,96.01
Buffalo King Untamed Megaways,94.00,96.02
Caravan Of Riches,94.00,96.03
Viking Forge,94.00,96.05
Four Lucky Diamonds,94.00,94.00
5 Doggy Dollars,94.00,96.00
Chase for Glory,94.00,96.00
Wild West Duels,94.00,96.00
Rise of Pyramids,94.00,95.97
Arriba Heat Salsa Wilds,94.00,94.00
Wildies,94.00,96.01
Crank it Up,94.00,96.03
Elvis Frog in Vegas,94.00,96.00
4 Fantastic Lobsters,94.00,94.00
Ancient Tumble,94.00,96.10
4 Fantastic Fish,94.00,96.00
Jackpot Hunter,94.00,96.00
Hercules Unleashed,94.00,94.00
I Hate Fairytales,94.00,94.00
Heroic Spins,93.99,96.07
Hellcatraz II,93.99,93.99
The Big Dawgs,93.99,95.97
Castle of Fire,93.99,96.01
Cowabunga,93.99,93.99
Lucky Fruit Spins,93.98,93.98
Diamond Cascade,93.98,96.06
Piggy Bankers,93.98,96.05
Lucky Fruit Spins,93.98,93.98
Forge Of Olympus,93.96,96.25
Hellvis Wild,93.96,96.01
Wild Samba,93.96,93.96
Scopa!,93.96,93.96
Sizzling Sevens Hold and Win,93.95,93.95
Wild Wild Riches Megaways,93.93,96.02
Fire Lightning,93.90,93.90
Pine of Plinko,93.48,93.48
3 Porky Banks Hold \u0026 Win,93.10,93.45
Solar Nova Hold and Win,93.00,95.27
3 Crazy Tikis,93.00,93.00
Sherwood Coins,93.00,93.00
3 Lucky Minecarts Hold and Win,93.00,93.00
Lucky Larry’s Lobstermania,92.84,92.84
New Year's Bash,92.23,92.23
Hot Hot Fruit,92.23,98.05
Pharaoh's Gold II,92.19,92.19
Legendary Beasts,92.18,97.86
Golden Unicorn Deluxe,92.16,98.12
Book of Ra,92.13,92.13
Wealth Inn,92.08,97.97
Santa,92.00,92.00
Mystic Fortune Deluxe,92.00,98.08
Aztec Eclipse Hold \u0026 Win,92.00,92.00
ZEUS,91.95,91.95
Halloween Horrors Megaways,91.50,96.13
Lure of Fortune,91.39,96.10
8 Treasures: Luck of the Dragon,91.30,95.10
Mad Cabs,91.00,95.06
Red Zone Blitz,91.00,95.00
Arriba Heat: Fuego Fortunes,91.00,96.24
Minted Coins,91.00,95.00
Prospector Wild Megaways,91.00,96.00
Lucky Cauldron,91.00,95.11
Gods of Olympus III Megaways,91.00,91.00
Apex Strike Megaways,91.00,96.00
Prospector Wilds Megaways,91.00,96.20
Prospector Wilds: Gold Digga,91.00,96.30
Gods of Olympus IV,91.00,95.00
Depths of Fortune,90.53,96.01
GemPOPS Xpops Popscade,90.50,96.01
Million Dollar Heist Xtreme,90.10,90.10
Sizzling Hot Deluxe,90.02,95.66
Heart of Rio,90.02,96.50
Wild Wild Riches,90.00,96.77
Wild Yield,90.00,96.12
Mystic Spells,90.00,96.01
Money Train 4,90.00,96.10
Egypt Bonus Pot,89.27,96.17
Expanding Joker,89.24,89.24
Mighty Mammoth,89.15,96.40
Lobster Hotpot 2 Even Hotter,89.15,96.03
Golden Dragon Wealth,89.12,96.29
Wild Woof,89.11,96.01
Wet and Wild Beavers,89.07,96.07
Aztec Clusters,89.00,97.00
Baba Yaga,88.68,88.68
Mad Hit Supernova,88.33,96.30
Go High Gone Fishing,88.30,96.31
Megaways Jack and the Magic Beans,88.05,96.14
Finnegan's Banditos,88.00,96.75
Eagle Strike Hold and Win,88.00,96.12
Stampeding Strike,88.00,95.00
Rainin Money,88.00,96.13
1 Million Fortunes Megaways,88.00,96.20
Dragoness,88.00,96.00
Fruity Megaways 88,88.00,96.06
Thor's Strike,87.06,94.08
Witches Tome,86.79,98.12
Fruity Mayan,86.56,98.19
Jump! 2,86.13,98.03
Zeus Deluxe,86.04,98.03
Big Top Terror,86.00,94.00
5 Sevens Hold \u0026 Win,86.00,96.10
Shadow Summoner Elementals,86.00,96.31
Golden Taj Mahal,85.94,85.94
Haunted Harbor,85.86,85.86
Egypt King Obelisk Quest,85.54,96.07
Seven Seven Pots and Pearls,85.38,85.38
Mega Joker,85.28,85.28
Waikiki Hold and Win,85.13,85.13
Lady Fortune,84.20,84.20
Templar Tumble 2,82.00,94.00
Goddess of Egypt,0.00,0.00
Fortune Globe,0.00,0.00
Basketball,0.00,0.00
Hot \u0026 Heavy,0.00,0.00
Jackass Gold Hold \u0026 Win,0.00,0.00
Game Show Party Jackpot Play,0.00,0.00
Book of Flames Hold \u0026 Win,0.00,0.00
The Champions,0.00,0.00
The Great Vegas Heist,0.00,0.00
MonkeyPop,0.00,0.00
Wins of Winter,0.00,0.00
