Game,Min RTP %,Max RTP %
Lucky Lady's Clover,97.31,97.31
777 Gems Respin,97.30,97.30
Burning Chilli X,97.25,97.25
MergeUp,97.25,97.25
Gemza,97.17,97.17
Book of Pyramids,97.13,97.13
Wild Tiger,97.11,97.11
Bob's Coffee Shop,97.10,97.10
Fruit Million,97.10,97.10
Brave Viking,97.09,97.09
Classic Fantastic,97.00,97.00
Hit The Route,97.00,97.00
Panda Luck,97.00,97.00
Triple Panda,97.00,97.00
Cherry Fiesta,96.98,96.98
Aztec Magic,96.96,96.96
Aztec Magic Deluxe,96.96,96.96
Mummy's Gold,96.96,96.96
Book of Cats Megaways,96.95,96.95
Book of Panda,96.95,96.95
West Town,96.95,96.95
Magic Kitty,96.93,96.93
Wild Heart,96.92,96.92
Dragon's Gold 100,96.90,96.90
Hammer of Thunder,96.89,96.89
Beast Band,96.83,96.83
Book of Sun,96.80,96.80
Dragon Wish,96.80,96.80
Elvis Frog Trueways,96.79,96.79
Gemstone Rush,96.77,96.77
Imperial Fruits: 5 lines,96.71,96.71
Galaxy Guardian,96.70,96.70
Sweet Rush Megaways,96.69,96.69
Wild Diamond 7x,96.69,96.69
Hit more Gold!,96.65,96.65
Mega 7,96.65,96.65
Laughing Buddha,96.64,96.64
Holly Jolly Bonanza,96.60,96.60
TNT Bonanza,96.60,96.60
Space Conquest,96.55,96.55
Fiery Sevens Exclusive,96.52,96.52
Jokers Treasure,96.51,96.51
3 Secret Cities,96.50,98.00
Double Flame,96.50,96.50
Fishin' Bear,96.50,96.50
Candy Pop 2,96.49,96.49
Caveman Bob,96.49,96.49
Space Miners,96.47,96.47
Fruits & Jokers: 100 lines,96.46,96.46
Thunder of Olympus,96.45,96.45
Hex,96.43,96.43
Plunderland,96.43,97.14
Three Samurai,96.41,96.48
Cluster Tumble,96.40,96.40
Sugar Party,96.40,96.40
Crazy Bomber,96.36,96.36
Vegas Gold,96.36,96.36
Wild Chapo,96.36,97.00
Lucky Lucifer,96.35,96.35
Sevens&Fruits,96.31,96.31
Dead Man's Trail,96.29,98.00
Platinum Lightning Deluxe,96.29,96.29
Templar Tumble,96.26,96.26
Gangsterz,96.25,96.25
Pop Zen,96.25,96.25
Luck and Magic,96.23,95.99
777 Sizzling Wins: 5 Lines,96.21,96.21
Burning Wins: Classic 5 Lines,96.21,96.21
3 China Pots,96.20,96.20
Iron Bank,96.20,96.20
Neon Dreams,96.20,96.20
FireWins Factory,96.19,96.19
Fruit Smash,96.19,96.19
Mega Heist,96.19,96.50
Midnight Marauder,96.19,96.19
Coin Quest 2,96.18,96.18
StarSpell,96.17,96.17
Blender Blitz,96.16,96.16
Lucky Dama Muerta,96.16,96.16
Sands of Eternity,96.16,96.16
Mega Mine,96.15,97.00
Miss Cherry Fruits,96.13,96.13
Shark Frenzy,96.13,96.13
Banana Town,96.12,96.12
Book of Power,96.11,96.11
Chilli Bandits,96.11,96.11
TNT Tumble,96.11,96.11
Forty Fruity Million,96.10,96.10
Gem Rush,96.10,96.80
Hot Triple Sevens,96.10,96.10
Joker Split,96.10,96.10
Money Train 3,96.10,96.50
Ragnarok,96.10,96.12
Torii Tumble,96.10,96.50
Wild Chapo 2,96.10,96.50
Wildfire,96.10,96.10
Money Jar,96.09,96.09
Wild Hike,96.09,96.54
Budai Reels Bonus Buy,96.08,96.08
Pirate Multi Coins,96.08,96.08
Thunder Wheel,96.08,96.08
Gift Rush,96.07,96.07
Cycle of Luck Bonus Buy,96.07,96.07
Lightning Jungle Hold The Cash,96.07,96.07
Wolf Saga,96.06,96.06
Tyrants Fall,96.03,96.03
Triple Chili,96.02,96.02
Massive Luck Bonus Buy,96.02,96.02
Super Sticky Piggy,96.01,96.01
777 Coins,96.00,96.00
Alien Fruits,96.00,96.00
Aztec Magic Bonanza,96.00,96.00
Belfry Bliss,96.00,96.00
Bonanza Billion,96.00,96.00
Coin Forge,96.00,96.00
Dragon Pearls,96.00,96.00
Fruit Heaven Hold and Win,96.00,96.00
Gold Gold Gold,96.00,96.00
Hot Rod Racers,96.00,96.00
Hot Volcano Bonus Buy,96.00,96.00
Joker Queen,96.00,96.00
Lucky Farm Bonanza,96.00,96.00
Money Cart 3,96.00,96.00
Money Cart 4,96.00,96.00
Scarab Boost,96.00,96.00
Penny Pelican,95.98,95.98
The Greatest Catch Bonus Buy,95.98,95.98
Giza Nights: Hold and Win,95.96,95.96
Thunder Mega Sevens,95.96,95.96
Jelly Valley,95.95,95.95
Pearl Ocean: Hold and Win,95.95,95.95
Buffalo Hold and Win,95.91,95.91
Lucky Oasis,95.90,95.90
Tiger Jungle,95.86,95.86
3 Coins,95.84,95.84
Legend of Cleopatra Megaways,95.84,95.84
3 Coins: Egypt,95.82,95.82
Aztec Pyramid,95.82,95.82
Temple Of Thunder II Bonus Buy,95.82,95.82
Bang Bang Reloaded,95.80,95.80
Eggs of Gold,95.80,95.80
Dog Heist Shift â€˜nâ€™ Win,95.80,95.80
Spin And Spell,95.80,95.80
Magic Apple,95.78,95.78
Tiger Stone,95.78,95.78
Lotus Charm,95.78,95.78
Queen of the Sun,95.77,95.77
3 Magic Lamps: Hold and Win,95.76,95.76
3 Pots Riches Extra: Hold and Win,95.76,95.76
3 Pots Riches: Hold and Win,95.76,95.76
Book of Sun - Choice,95.76,97.74
Empire Gold: Hold and Win,95.76,95.76
Luxor Gold: Hold and Win,95.76,95.76
Coin UP: Hot Fire,95.75,95.75
3 Clover Pots,95.74,95.74
Energy Coins: Hold and Win,95.74,95.74
Energy Joker: Hold and Win,95.74,95.74
Power Crown: Hold and Win,95.74,95.74
Sunny Fruits 2: Hold and Win,95.74,95.74
Book of Sun Multichance,95.72,95.72
Sky Pearls,95.72,95.72
15 Dragon Pearls,95.71,95.71
3 Egypt Chests,95.71,95.71
Grab the Gold!,95.71,95.71
Fire Temple: Hold and Win,95.70,95.70
Grab more Gold!,95.70,95.70
Wukong,95.70,95.70
African Spirit Sticky Wilds,95.69,95.69
Eye of Gold,95.69,95.69
Little Farm,95.69,95.69
Rio Gems,95.69,95.69
Wolf Night,95.69,95.69
Forest Spirit,95.67,95.67
Clover Charm: Hit the Bonus,95.66,95.66
Coin Volcano,95.66,95.66
Diamonds Power: Hold and Win,95.66,95.66
Coin Strike: Hold and Win,95.66,95.66
Hit the Gold!,95.66,95.66
Wolf Land: Hold and Win,95.66,95.66
Book of Wizard: Crystal Chance,95.65,95.65
Green Chilli,95.65,95.65
Pearl Diver 2: Treasure Chest,95.65,95.65
Crown and Diamonds: Hold and Win,95.64,95.64
Fire Coins: Hold and Win,95.64,95.64
Gold Express,95.64,96.00
Royal Coins 2: Hold and Win,95.64,95.64
Royal Fortunator: Hold and Win,95.64,95.64
Sun of Egypt 2,95.64,95.64
Royal Coins: Hold and Win,95.64,95.64
Book of Wizard,95.63,95.63
Yo-Ho Gold!,95.62,95.62
Boom! Boom! Gold!,95.61,95.61
Dragon Wealth,95.61,95.61
Sun of Egypt 3,95.61,95.61
Arizona Heist: Hold and Win,95.60,95.60
Crystal Scarabs,95.60,95.60
Green Chilli 2,95.60,95.60
Jam Bonanza,95.60,95.60
Lamp of Wonder,95.60,95.60
Legendary Diamonds,95.60,95.60
Diamond Fortunator Hold and Win,95.60,95.60
Payday Pig,95.60,95.60
Pearl Diver,95.60,95.60
Power of Rome,95.60,95.60
Smoking Pistols,95.60,95.60
Space Cows to the Moon,95.60,95.60
3 Hot Chillies,95.59,95.59
Lion Coins,95.59,95.59
Gold Nuggets,95.58,95.58
Magic Ball Multichance,95.58,95.58
More Magic Apple,95.57,95.57
Tiger Gems,95.57,95.57
Ruby Hit: Hold and Win,95.55,95.55
Lion Gems: Hold and Win,95.55,95.55
Aztec Fire 2,95.54,95.54
Big Heist,95.54,95.54
Black Wolf,95.54,95.54
Black Wolf 2,95.54,95.54
Caishen Wealth,95.53,95.53
Magic Apple 2,95.53,95.53
Candy Boom,95.52,95.52
Diamond Wins Hold and Win,95.52,95.52
Sunlight Princess,95.52,95.52
Aztec Fire,95.50,95.50
Crystal Land 2,95.50,95.50
Egypt Fire,95.50,95.50
Fortune Tycoons,95.50,95.50
Hoop Kings,95.50,95.50
Jesters Riches,95.50,95.50
Lucy Luck and the Crimson Diamond,95.50,95.50
Maya Sun,95.50,95.50
Olaf Viking,95.50,95.50
Secrets of Anubis,95.50,95.50
Sticky Piggy,95.50,95.50
Super Rich God,95.50,95.50
Lord Fortune 2,95.49,95.49
Mighty Gorilla,95.49,95.49
Flaming Chillies,95.48,95.48
Mice & Magic Wonder Spin,95.48,96.93
Sweet Spotz,95.48,95.48
Sun of Egypt 4 Hold & Win,95.47,95.47
Buffalo Power 2: Hold and Win,95.44,95.44
Mechanical Clover,95.42,95.42
Secret Book of Amun Ra,95.40,95.40
The Chillies,95.40,95.40
The Wild Wings of Phoenix,95.40,95.40
Aztec Sun,95.33,95.33
Scarab Riches,95.30,95.30
God Of Wealth:Hold And Win,95.24,95.58
Hit the Bank Hold and Win,95.21,95.21
Billy Bob Boom,95.20,95.20
Golden Scrolls,95.20,95.20
Great Panda,95.20,95.20
Let it Spin,95.20,95.20
Lucky Lady's Charm Deluxe,95.13,95.13
Cash Pig,95.11,95.11
Fortune n Finery,95.10,95.10
Mammoth Peak: Hold and Win,95.10,95.10
Tiger's Gold,95.10,95.10
Eagle Power: Hold and Win,95.06,95.06
Buffalo Power Christmas,95.04,95.04
Buffalo Power Hold & Win,95.04,95.04
Wolf Power: Hold and Win,95.04,95.04
Avalon: The Lost Kingdom,95.00,95.00
Buddha Fortune,95.00,95.67
Deep Descent,95.00,95.00
Moon Sisters,95.00,95.00
Olympian Gods,95.00,95.00
Scarab Temple,95.00,95.00
Sun of Egypt,95.00,95.00
Super Marble,95.00,95.00
Aloha King Elvis,94.92,94.92
Temple Tumble 2,94.80,94.80
Volatile Vikings 2,94.80,94.80
Lucky Otter,94.65,94.65
Diamonds,94.45,94.45
Coin Quest,94.36,96.12
Drunken Sailors,94.30,96.14
Gemhalla,94.14,97.17
Elvis Frog In Vegas,94.00,96.00
Four Lucky Diamonds,94.00,94.00
Grim the Splitter,94.00,94.00
Line Busters,94.00,94.00
Sweetopia Royale,94.00,96.10
Cowabunga,93.99,93.99
Hellcatraz 2,93.99,93.99
Fire Lightning,93.90,93.90
Sherwood Coins: Hold and Win,93.00,93.00
Book of Ra,92.13,92.13
Wealth Inn,92.08,97.97
ZEUS,91.95,91.95
Lure of Fortune,91.39,96.10
Money Train 4,90.00,96.10
Slot Machine,90.00,90.00
Aztec Clusters,89.00,97.00
Seven Seven Pots and Pearls,85.38,85.38
Lady Fortune,84.20,84.20
Templar Tumble 2,82.00,94.00
Beelionaires,0.00,0.00
Goddess of Egypt,0.00,0.00
